,None,ticker,date,open,high,low,close,volume
0,249,META,2023-04-03,208.84,213.4861,208.2,213.07,17887238.0
1,248,META,2023-04-04,213.39,216.24,212.54,214.72,20977958.0
2,247,META,2023-04-05,214.15,215.19,209.94,211.48,19331864.0
3,246,META,2023-04-06,209.25,216.94,208.65,216.1,26104411.0
4,245,META,2023-04-10,214.71,215.66,210.66,214.75,15841652.0
5,244,META,2023-04-11,215.48,216.02,213.41,213.85,16348387.0
6,243,META,2023-04-12,214.835,216.84,212.584,214.0,18859583.0
7,242,META,2023-04-13,215.73,221.15,215.69,220.35,23233212.0
8,241,META,2023-04-14,217.88,222.11,217.55,221.49,21532908.0
9,240,META,2023-04-17,219.79,220.979,217.13,218.86,15411724.0
10,239,META,2023-04-18,219.91,220.44,216.21,217.89,12209744.0
11,238,META,2023-04-19,213.472,217.33,212.93,215.7,15798567.0
12,237,META,2023-04-20,213.48,216.75,212.77,213.07,16426551.0
13,236,META,2023-04-21,210.21,213.41,209.58,212.89,17670990.0
14,235,META,2023-04-24,213.675,213.92,210.71,212.79,14357160.0
15,234,META,2023-04-25,210.815,211.26,207.13,207.55,18605536.0
16,233,META,2023-04-26,212.5,214.11,208.88,209.4,35185227.0
17,232,META,2023-04-27,239.89,241.685,236.77,238.56,70784741.0
18,231,META,2023-04-28,239.01,240.43,235.75,240.32,39181238.0
19,230,META,2023-05-01,238.615,244.0,236.46,243.18,29059445.0
20,229,META,2023-05-02,243.18,244.92,238.99,239.24,23169301.0
21,228,META,2023-05-03,239.47,241.75,232.75,237.03,33947181.0
22,227,META,2023-05-04,236.06,238.2,232.9264,233.52,17791031.0
23,226,META,2023-05-05,232.24,234.68,229.85,232.78,26906204.0
24,225,META,2023-05-08,231.415,235.62,230.27,233.27,14946565.0
25,224,META,2023-05-09,231.46,235.88,231.08,233.37,16825199.0
26,223,META,2023-05-10,236.17,236.75,230.72,233.08,18705122.0
27,222,META,2023-05-11,233.05,238.21,232.3,235.79,20380106.0
28,221,META,2023-05-12,236.74,236.9599,231.45,233.81,16142268.0
29,220,META,2023-05-15,236.92,240.255,235.33,238.86,20618908.0
30,219,META,2023-05-16,235.79,239.635,235.52,238.82,18114421.0
31,218,META,2023-05-17,238.45,243.8423,238.14,242.485,21140588.0
32,217,META,2023-05-18,241.3,247.0881,241.19,246.85,22813308.0
33,216,META,2023-05-19,247.47,248.69,243.41,245.64,21597153.0
34,215,META,2023-05-22,245.41,253.57,245.12,248.32,27486372.0
35,214,META,2023-05-23,246.81,251.61,246.65,246.74,17670494.0
36,213,META,2023-05-24,245.28,249.5892,244.952,249.21,17318273.0
37,212,META,2023-05-25,253.4,255.62,249.17,252.69,21989756.0
38,211,META,2023-05-26,252.93,262.3107,252.71,262.04,25768663.0
39,210,META,2023-05-30,265.25,268.65,261.29,262.52,23690443.0
40,209,META,2023-05-31,260.0,265.0,258.45,264.72,25361238.0
41,208,META,2023-06-01,265.9,274.0,265.89,272.61,25282488.0
42,207,META,2023-06-02,272.66,275.35,271.12,272.61,19347544.0
43,206,META,2023-06-05,270.3,275.57,269.56,271.39,20570383.0
44,205,META,2023-06-06,270.14,276.57,269.69,271.12,19261029.0
45,204,META,2023-06-07,271.67,274.25,262.8,263.6,25495231.0
46,203,META,2023-06-08,260.62,267.65,258.88,264.58,20759056.0
47,202,META,2023-06-09,262.48,267.949,261.7,264.95,16879645.0
48,201,META,2023-06-12,267.17,271.75,265.33,271.05,15384567.0
49,200,META,2023-06-13,274.88,275.72,269.0923,271.32,16086191.0
50,199,META,2023-06-14,271.89,274.99,268.315,273.35,18881655.0
51,198,META,2023-06-15,272.3,283.99,271.42,281.83,25849519.0
52,197,META,2023-06-16,284.75,287.85,280.13,281.0,43127731.0
53,196,META,2023-06-20,278.73,284.8,276.22,284.33,20668630.0
54,195,META,2023-06-21,283.53,284.0,278.36,281.64,19918615.0
55,194,META,2023-06-22,279.08,285.26,277.79,284.88,17274787.0
56,193,META,2023-06-23,281.51,289.67,278.95,288.73,50983140.0
57,192,META,2023-06-26,288.7,289.79,277.6,278.47,24061917.0
58,191,META,2023-06-27,282.01,289.345,280.655,287.05,25809172.0
59,190,META,2023-06-28,284.82,289.55,284.06,285.29,16581229.0
60,189,META,2023-06-29,284.5,286.57,280.69,281.53,15305401.0
61,188,META,2023-06-30,284.76,289.05,284.415,286.98,19526896.0
62,187,META,2023-07-03,286.7,289.4,284.8499,286.02,8629269.0
63,186,META,2023-07-05,287.65,298.12,286.36,294.37,33539399.0
64,185,META,2023-07-06,295.885,298.12,291.31,291.99,47438489.0
65,184,META,2023-07-07,292.18,296.2,288.66,290.53,25468176.0
66,183,META,2023-07-10,295.55,298.13,287.05,294.1,36862401.0
67,182,META,2023-07-11,293.9,300.18,291.9,298.29,27545631.0
68,181,META,2023-07-12,301.745,309.45,300.1004,309.34,36413252.0
69,180,META,2023-07-13,313.62,316.24,310.2901,313.41,30138488.0
70,179,META,2023-07-14,311.79,314.88,307.3612,308.87,22634510.0
71,178,META,2023-07-17,307.54,311.71,304.71,310.62,25092193.0
72,177,META,2023-07-18,310.875,314.2,307.6188,312.05,20545902.0
73,176,META,2023-07-19,313.03,318.68,310.52,316.01,21347159.0
74,175,META,2023-07-20,313.5,315.54,302.22,302.52,23618835.0
75,174,META,2023-07-21,304.57,305.46,291.2,294.26,41883333.0
76,173,META,2023-07-24,295.78,297.52,288.3001,291.61,24271790.0
77,172,META,2023-07-25,295.19,298.3,291.86,294.47,18809328.0
78,171,META,2023-07-26,301.19,301.77,291.9,298.57,45725455.0
79,170,META,2023-07-27,325.12,325.35,309.84,311.71,63721520.0
80,169,META,2023-07-28,316.875,326.2,314.2481,325.48,39005761.0
81,168,META,2023-07-31,323.69,325.6599,317.59,318.6,24224777.0
82,167,META,2023-08-01,317.535,324.14,314.66,322.71,22663021.0
83,166,META,2023-08-02,318.0,318.39,310.65,314.31,20223203.0
84,165,META,2023-08-03,309.93,315.9499,309.93,313.19,15059300.0
85,164,META,2023-08-04,314.96,318.41,310.2,310.73,17542530.0
86,163,META,2023-08-07,313.23,317.07,310.46,316.56,16180824.0
87,162,META,2023-08-08,314.4,317.89,310.11,312.64,15138307.0
88,161,META,2023-08-09,312.88,313.63,302.85,305.21,18854283.0
89,160,META,2023-08-10,307.94,312.339,303.87,305.74,14301795.0
90,159,META,2023-08-11,302.57,304.72,300.36,301.64,13959041.0
91,158,META,2023-08-14,300.98,306.21,298.25,306.19,15376384.0
92,157,META,2023-08-15,306.14,307.23,300.03,301.95,11550281.0
93,156,META,2023-08-16,300.195,301.08,294.28,294.29,18086986.0
94,155,META,2023-08-17,293.05,296.05,284.95,285.09,23721334.0
95,154,META,2023-08-18,279.03,285.69,274.38,283.25,34061083.0
96,153,META,2023-08-21,283.45,290.5,281.85,289.9,18584536.0
97,152,META,2023-08-22,292.55,292.9,286.75,287.6,12704844.0
98,151,META,2023-08-23,288.5,297.4,287.67,294.24,16551154.0
99,150,META,2023-08-24,298.5,299.46,286.64,286.75,16451462.0
100,149,META,2023-08-25,286.13,288.386,276.03,285.5,23490810.0
101,148,META,2023-08-28,288.0,291.45,285.8,290.26,14028624.0
102,147,META,2023-08-29,288.585,299.15,288.18,297.99,20209216.0
103,146,META,2023-08-30,297.17,298.29,293.43,295.1,17491920.0
104,145,META,2023-08-31,295.8,301.1,295.66,295.89,17184211.0
105,144,META,2023-09-01,299.37,301.74,294.47,296.38,12842257.0
106,143,META,2023-09-05,297.02,301.39,295.51,300.15,14793449.0
107,142,META,2023-09-06,301.71,303.3,295.66,299.17,15132163.0
108,141,META,2023-09-07,298.0,307.0499,292.22,298.67,33147458.0
109,140,META,2023-09-08,299.22,305.25,296.78,297.89,17276715.0
110,139,META,2023-09-11,301.41,309.04,301.28,307.56,19417055.0
111,138,META,2023-09-12,306.33,308.6599,300.23,301.66,13201176.0
112,137,META,2023-09-13,302.36,307.18,301.3206,305.06,12746516.0
113,136,META,2023-09-14,306.74,312.87,305.03,311.72,19283438.0
114,135,META,2023-09-15,311.61,312.0,298.75,300.31,27576051.0
115,134,META,2023-09-18,298.19,303.6,297.8,302.55,13649732.0
116,133,META,2023-09-19,302.48,306.17,299.81,305.07,15796721.0
117,132,META,2023-09-20,305.05,308.06,299.43,299.67,18763607.0
118,131,META,2023-09-21,295.7,300.2566,293.27,295.73,20995376.0
119,130,META,2023-09-22,299.3,305.38,298.27,299.08,24384236.0
120,129,META,2023-09-25,295.64,300.95,293.7,300.83,17285559.0
121,128,META,2023-09-26,297.66,300.2999,296.0101,298.96,19313955.0
122,127,META,2023-09-27,300.45,301.2997,286.79,297.74,36404390.0
123,126,META,2023-09-28,298.935,306.3299,296.7,303.96,21742745.0
124,125,META,2023-09-29,307.38,310.64,299.36,300.21,25324847.0
125,124,META,2023-10-02,302.74,307.18,301.63,306.82,16203936.0
126,123,META,2023-10-03,304.26,306.77,299.64,300.94,17273749.0
127,122,META,2023-10-04,298.725,306.9,298.5,305.58,16820210.0
128,121,META,2023-10-05,304.625,306.208,299.5,304.79,19096647.0
129,120,META,2023-10-06,301.44,316.31,300.9148,315.43,21258110.0
130,119,META,2023-10-09,312.5,320.33,311.82,318.36,22119375.0
131,118,META,2023-10-10,319.12,324.66,318.16,321.84,18972651.0
132,117,META,2023-10-11,323.005,328.835,322.95,327.82,21389951.0
133,116,META,2023-10-12,328.0,330.54,322.69,324.16,20071782.0
134,115,META,2023-10-13,323.53,325.0502,312.37,314.69,21151820.0
135,114,META,2023-10-16,318.64,321.82,315.52,321.15,16059207.0
136,113,META,2023-10-17,318.18,324.4,317.3,324.0,16287586.0
137,112,META,2023-10-18,321.39,325.94,315.56,316.97,16804319.0
138,111,META,2023-10-19,319.875,321.89,311.7504,312.81,17860584.0
139,110,META,2023-10-20,314.14,315.3,306.47,308.65,21722761.0
140,109,META,2023-10-23,309.5,317.36,307.26,314.01,17471232.0
141,108,META,2023-10-24,316.78,318.35,310.63,312.55,18338924.0
142,107,META,2023-10-25,310.0,310.88,298.84,299.53,37405734.0
143,106,META,2023-10-26,295.0,295.0,279.403,288.35,65773116.0
144,105,META,2023-10-27,294.48,299.31,292.97,296.73,29531901.0
145,104,META,2023-10-30,299.09,309.3967,299.05,302.66,27536438.0
146,103,META,2023-10-31,303.31,303.68,296.86,301.27,18045601.0
147,102,META,2023-11-01,301.85,312.74,301.85,311.85,20033005.0
148,101,META,2023-11-02,317.3,318.82,308.33,310.87,21478146.0
149,100,META,2023-11-03,312.55,315.55,311.0167,314.6,16654979.0
150,99,META,2023-11-06,315.98,318.33,314.45,315.8,12847346.0
151,98,META,2023-11-07,317.06,321.0,315.12,318.82,14000492.0
152,97,META,2023-11-08,318.14,321.33,314.88,319.78,12867733.0
153,96,META,2023-11-09,319.418,324.1799,318.8,320.55,14949310.0
154,95,META,2023-11-10,319.94,329.1,319.46,328.77,18496071.0
155,94,META,2023-11-13,326.2,332.33,325.7,329.19,16050221.0
156,93,META,2023-11-14,334.54,338.1,333.33,336.31,17040366.0
157,92,META,2023-11-15,337.93,338.4,330.02,332.71,14448261.0
158,91,META,2023-11-16,329.37,334.58,326.38,334.19,18510522.0
159,90,META,2023-11-17,330.26,335.5,329.35,335.04,14454511.0
160,89,META,2023-11-20,334.89,341.87,334.19,339.97,16736052.0
161,88,META,2023-11-21,338.33,339.9015,335.9,336.98,11953985.0
162,87,META,2023-11-22,339.21,342.92,338.58,341.49,10715177.0
163,86,META,2023-11-24,340.13,341.8556,336.77,338.23,5462550.0
164,85,META,2023-11-27,336.18,339.9,334.2,334.7,15646335.0
165,84,META,2023-11-28,333.4,339.375,333.4,338.99,12390592.0
166,83,META,2023-11-29,339.69,339.9,330.78,332.2,15979637.0
167,82,META,2023-11-30,331.89,333.5,322.4037,327.15,22402528.0
168,81,META,2023-12-01,325.48,326.86,320.76,324.82,14690339.0
169,80,META,2023-12-04,317.29,320.86,313.66,320.02,18997667.0
170,79,META,2023-12-05,318.98,321.88,315.39,318.29,15889806.0
171,78,META,2023-12-06,321.93,322.25,317.04,317.45,11264491.0
172,77,META,2023-12-07,317.77,328.24,317.77,326.59,15706309.0
173,76,META,2023-12-08,323.09,333.17,323.0,332.75,13549558.0
174,75,META,2023-12-11,329.4,329.89,319.995,325.28,25463736.0
175,74,META,2023-12-12,324.6,334.47,324.56,334.22,17975705.0
176,73,META,2023-12-13,333.93,338.37,332.64,334.74,16203331.0
177,72,META,2023-12-14,333.85,334.7,328.6371,333.17,19340019.0
178,71,META,2023-12-15,331.99,338.66,331.22,334.92,29999101.0
179,70,META,2023-12-18,337.48,347.56,337.02,344.62,18358570.0
180,69,META,2023-12-19,345.58,353.6,345.12,350.36,17661395.0
181,68,META,2023-12-20,348.65,354.96,347.79,349.28,15990372.0
182,67,META,2023-12-21,352.98,356.405,349.21,354.09,15229998.0
183,66,META,2023-12-22,355.58,357.1999,351.22,353.39,11772779.0
184,65,META,2023-12-26,354.99,356.98,353.45,354.83,9849739.0
185,64,META,2023-12-27,356.07,359.0,355.31,357.83,12705142.0
186,63,META,2023-12-28,359.7,361.9,357.81,358.32,11738147.0
187,62,META,2023-12-29,358.99,360.0,351.82,353.96,14987092.0
188,61,META,2024-01-02,351.32,353.16,340.01,346.29,18048153.0
189,60,META,2024-01-03,344.98,347.95,343.175,344.47,14275185.0
190,59,META,2024-01-04,344.5,348.1499,343.3987,347.12,11662557.0
191,58,META,2024-01-05,346.99,353.5,346.2601,351.95,13668551.0
192,57,META,2024-01-08,354.7,358.98,352.05,358.66,13553873.0
193,56,META,2024-01-09,356.4,360.64,355.36,357.43,13343430.0
194,55,META,2024-01-10,360.17,372.94,359.08,370.47,22024099.0
195,54,META,2024-01-11,372.13,372.78,362.93,369.67,16894039.0
196,53,META,2024-01-12,370.155,377.06,369.54,374.49,19310046.0
197,52,META,2024-01-16,373.65,375.61,367.23,367.46,15256347.0
198,51,META,2024-01-17,366.3,368.54,358.61,368.37,12657904.0
199,50,META,2024-01-18,371.49,376.85,370.95,376.13,15934880.0
200,49,META,2024-01-19,379.0,384.36,377.97,383.45,19052354.0
201,48,META,2024-01-22,387.95,390.3525,381.1601,381.78,17489663.0
202,47,META,2024-01-23,384.615,388.38,382.075,385.2,15448049.0
203,46,META,2024-01-24,390.0,396.15,387.81,390.7,15555621.0
204,45,META,2024-01-25,390.17,395.49,385.66,393.18,14613212.0
205,44,META,2024-01-26,394.35,396.79,391.5908,394.14,13024654.0
206,43,META,2024-01-29,394.985,402.93,393.1,401.02,17789199.0
207,42,META,2024-01-30,403.59,406.36,399.57,400.06,18057258.0
208,41,META,2024-01-31,389.0,398.0,387.1,390.14,20013594.0
209,40,META,2024-02-01,393.94,400.5,393.05,394.78,25110266.0
210,39,META,2024-02-02,459.6,485.96,453.01,474.99,84391922.0
211,38,META,2024-02-05,469.88,471.9,459.22,459.41,40561233.0
212,37,META,2024-02-06,464.0,467.12,453.0,454.72,21538168.0
213,36,META,2024-02-07,458.0,471.52,456.1773,469.59,22911857.0
214,35,META,2024-02-08,468.32,470.59,465.03,470.0,18764756.0
215,34,META,2024-02-09,472.95,473.59,467.465,468.11,18170087.0
216,33,META,2024-02-12,468.19,479.145,466.58,468.9,19340374.0
217,32,META,2024-02-13,456.87,467.89,455.09,460.12,19117077.0
218,31,META,2024-02-14,467.93,474.11,466.0901,473.28,16582545.0
219,30,META,2024-02-15,475.28,488.62,472.22,484.03,22944421.0
220,29,META,2024-02-16,478.11,478.96,469.21,473.32,23324620.0
221,28,META,2024-02-20,469.715,476.18,466.56,471.75,17933421.0
222,27,META,2024-02-21,466.5,469.0,461.79,468.03,12190054.0
223,26,META,2024-02-22,480.24,489.99,476.0618,486.13,21257629.0
224,25,META,2024-02-23,488.05,494.3599,482.3482,484.03,17861129.0
225,24,META,2024-02-26,483.47,486.14,480.6,481.74,11727121.0
226,23,META,2024-02-27,479.975,487.27,479.92,487.05,10791955.0
227,22,META,2024-02-28,485.0,491.05,482.75,484.02,12180233.0
228,21,META,2024-02-29,488.44,491.7,482.61,490.13,17043898.0
229,20,META,2024-03-01,492.11,504.25,491.85,502.3,15728176.0
230,19,META,2024-03-04,503.0,504.42,496.42,498.19,12277260.0
231,18,META,2024-03-05,495.0,495.58,487.89,490.22,14429968.0
232,17,META,2024-03-06,497.63,502.97,494.292,496.09,11520573.0
233,16,META,2024-03-07,503.28,519.85,501.38,512.19,18124317.0
234,15,META,2024-03-08,514.19,523.57,499.35,505.95,18029444.0
235,14,META,2024-03-11,497.01,497.318,476.0,483.59,19982445.0
236,13,META,2024-03-12,493.26,502.31,484.73,499.75,15362157.0
237,12,META,2024-03-13,495.39,500.98,491.0318,495.57,11937907.0
238,11,META,2024-03-14,500.255,501.35,488.16,491.83,12571134.0
239,10,META,2024-03-15,489.01,491.83,481.3001,484.1,28583888.0
240,9,META,2024-03-18,491.91,497.42,486.81,496.98,11523234.0
241,8,META,2024-03-19,488.17,496.6296,481.28,496.24,10888627.0
242,7,META,2024-03-20,499.5,508.1999,495.17,505.52,11625280.0
243,6,META,2024-03-21,514.71,515.04,506.01,507.76,9677831.0
244,5,META,2024-03-22,507.0,509.97,504.34,509.58,8062190.0
245,4,META,2024-03-25,505.79,507.22,500.2411,503.02,8346423.0
246,3,META,2024-03-26,505.13,510.0,495.2137,495.89,11138702.0
247,2,META,2024-03-27,499.3,499.89,488.07,493.86,9921775.0
248,1,META,2024-03-28,492.84,492.89,485.15,485.58,14974522.0
249,0,META,2024-04-01,487.2,497.43,481.78,491.35,9013459.0
